{"cameraMode":{"drawMode":0,"name":"Shaded","section":"Shading Mode"},"sceneLighting":false,"audioPlay":false,"sceneViewState":{"showFog":true,"showMaterialUpdate":false,"showSkybox":false,"showFlares":true,"showImageEffects":true,"showParticleSystems":true},"in2DMode":false,"pivot":{"x":-0.701586127281189,"y":-0.4676434397697449,"z":-0.2091583013534546},"rotation":{"x":-0.10816456377506256,"y":0.8418917655944824,"z":-0.18368083238601685,"w":-0.4957692623138428},"size":2.8286919593811037,"orthographic":false}