{"cameraMode":{"drawMode":0,"name":"Shaded","section":"Shading Mode"},"sceneLighting":false,"audioPlay":false,"sceneViewState":{"showFog":true,"showMaterialUpdate":false,"showSkybox":false,"showFlares":true,"showImageEffects":true,"showParticleSystems":true},"in2DMode":false,"pivot":{"x":-1.125567078590393,"y":21.981075286865236,"z":47.524559020996097},"rotation":{"x":0.07439132779836655,"y":-0.3085769712924957,"z":0.02420809492468834,"w":0.9479974508285523},"size":18.66230010986328,"orthographic":false}