{"cameraMode":{"drawMode":0,"name":"Shaded","section":"Shading Mode"},"sceneLighting":false,"audioPlay":false,"sceneViewState":{"showFog":true,"showMaterialUpdate":false,"showSkybox":false,"showFlares":true,"showImageEffects":true,"showParticleSystems":true},"in2DMode":false,"pivot":{"x":0.04767608642578125,"y":22.597810745239259,"z":-5.058412551879883},"rotation":{"x":-0.14386020600795747,"y":-0.23912639915943147,"z":0.035867221653461459,"w":-0.9596233367919922},"size":36.980567932128909,"orthographic":false}