{"cameraMode":{"drawMode":0,"name":"Shaded","section":"Shading Mode"},"sceneLighting":false,"audioPlay":false,"sceneViewState":{"showFog":true,"showMaterialUpdate":false,"showSkybox":false,"showFlares":true,"showImageEffects":true,"showParticleSystems":true},"in2DMode":false,"pivot":{"x":0.531106173992157,"y":-0.004709303379058838,"z":2.0507559776306154},"rotation":{"x":0.026991331949830056,"y":0.02009345404803753,"z":-0.0005426529096439481,"w":0.9994340538978577},"size":4.448428630828857,"orthographic":false}