{"cameraMode":{"drawMode":0,"name":"Shaded","section":"Shading Mode"},"sceneLighting":false,"audioPlay":false,"sceneViewState":{"showFog":true,"showMaterialUpdate":false,"showSkybox":false,"showFlares":true,"showImageEffects":true,"showParticleSystems":true},"in2DMode":false,"pivot":{"x":-0.12965518236160279,"y":2.072986364364624,"z":41.877986907958987},"rotation":{"x":0.011978218331933022,"y":-0.05935981497168541,"z":0.0007185437134467065,"w":0.9981673955917358},"size":3.1059892177581789,"orthographic":false}