{"cameraMode":{"drawMode":0,"name":"Shaded","section":"Shading Mode"},"sceneLighting":false,"audioPlay":false,"sceneViewState":{"showFog":true,"showMaterialUpdate":false,"showSkybox":false,"showFlares":true,"showImageEffects":true,"showParticleSystems":true},"in2DMode":false,"pivot":{"x":-18.41705322265625,"y":-11.98812484741211,"z":73.4157943725586},"rotation":{"x":-0.1662396937608719,"y":0.16743813455104829,"z":-0.02865007519721985,"w":-0.9713524580001831},"size":103.84941864013672,"orthographic":false}